<?xml version="1.0" encoding="UTF-8"?>
<!DOCTYPE log4j:configuration PUBLIC "-//APACHE//DTD LOG4J 1.2//EN" "log4j.dtd">
<log4j:configuration xmlns:log4j="http://jakarta.apache.org/log4j/">

	<!-- Appenders -->
	<appender name="console" class="org.apache.log4j.ConsoleAppender">
		<param name="Target" value="System.out" />
		<layout class="org.apache.log4j.PatternLayout">
			<param name="ConversionPattern" value="%-5p: %c - %m%n" />
		</layout>
	</appender>
	
	<!-- [错误日志APPENDER] -->  
   <appender name="ERROR-APPENDER" class="org.apache.log4j.DailyRollingFileAppender">  
     <param name="File" value="${webapp.root}/logs/common-error.log" />  
     <param name="Append" value="true" />  
     <param name="encoding" value="GBK" />  
     <param name="threshold" value="info" />  
     <param name="DatePattern" value="'.'yyyy-MM-dd'.log'" />  
     <layout class="org.apache.log4j.PatternLayout">  
        <param name="ConversionPattern" value="%d %-5p %c{2} - %m%n" />  
     </layout>  
   </appender>  
	
	<!-- Root Logger -->  
   <root>  
       <level value="${rootLevel}"></level>    
       <appender-ref ref="ERROR-APPENDER" />  
       <!--   <appender-ref ref="console" /> -->
   </root>  
	
</log4j:configuration>
